<?xml version="1.0" encoding="utf-8"?>
<install version="1.5" type="plugin" group="system" method="upgrade">
	<name>System - JFusion Connect</name>
	<author>Morten Hundevad</author>
	<creationDate>March 2011</creationDate>
	<authorEmail>webmaster@jfusion.org</authorEmail>
	<authorUrl>http://www.jfusion.org</authorUrl>
	<copyright>Copyright (C) 2009 JFusion. All rights reserved.</copyright>
	<license>http://www.gnu.org/licenses/gpl-2.0.html GNU/GPL</license>
	<version>1.0</version>
	<description>System Plugin for JFusion Connect</description>
	<files>
		<filename plugin="jfusionconnect">jfusionconnect.php</filename>
	</files>
	
	<params addpath="/administrator/components/com_jfusionconnect/elements">
		<param name=" " type="helptext" label="" default="REDIRECTITEMID_DESCR"/>
		<param name="redirectItemId" type="menuitem" default="" disable="separator" label="REDIRECTITEMID" description="REDIRECTITEMID_DESCR" />
		<param name=" " type="helptext" label="" default="ITEMID_DESC"/>
		<param name="ItemId" type="menuitem" default="" disable="separator" label="ITEMID" description="ITEMID_DESC" />
		<param name=" " type="helptext" label="" default="SETLANGUAGE_DESC"/>
        <param name="language" type="list" default="0" label="SETLANGUAGE" description="SETLANGUAGE_DESC">
            <option value="0">JNO</option>
            <option value="1">JYES</option>
        </param>		
		
	</params>
</install>