<?xml version="1.0" encoding="utf-8"?>
<!DOCTYPE install SYSTEM "http://dev.joomla.org/xml/1.5/component-install.dtd">
<install type="component" version="1.5.0" method="upgrade">
	<name>jfusionconnect</name>
	<!-- The following elements are optional and free of formatting conttraints -->
	<creationDate>March 2011</creationDate>
	<author>Morten Hundevad</author>
	<authorEmail>webmaster@jfusion.org</authorEmail>
	<authorUrl>http://jfusion.org</authorUrl>
	<copyright>(C) 2011 All rights reserved.</copyright>
	<license>http://www.gnu.org/licenses/gpl-2.0.html GNU/GPL</license>
	<!--  The version string is recorded in the components table -->
	<version>1.0</version>
	<revision>2648</revision>
	<!-- The description is optional and defaults to the name -->
	<description>Jfusion Connect, OpenID Provider for joomla</description>

	<!-- Custom Install Script to execute -->
	<installfile>install.jfusionconnect.php</installfile>

	<!-- Custom Uninstall Script to execute -->
	<uninstallfile>uninstall.jfusionconnect.php</uninstallfile>

	<!-- Install Database Section 
	<install>
		<sql>
			<file driver="mysql" charset="utf8">install.mysql.utf8.sql</file>
			<file driver="mysql">install.mysql.nonutf8.sql</file>
		</sql>
	</install>
	-->
	<!-- Uninstall Database Section 
	<uninstall>
		<sql>
			<file driver="mysql" charset="utf8">uninstall.mysql.utf8.sql</file>
			<file driver="mysql">uninstall.mysql.nonutf8.sql</file>
		</sql>
	</uninstall>
	-->
	<!-- Site Main File Copy Section-->
	<files folder="front">
		<filename>index.html</filename>
		<filename>jfusionconnect.php</filename>
		<filename>server.php</filename>
		<folder>controllers</folder>
		<folder>views</folder>
		<folder>css</folder>
		<folder>images</folder>
	</files>
	 
	<!-- Site Main Language File Copy Section -->
	<languages  folder="front/languages">
		<language tag="en-GB">en-GB/en-GB.com_jfusionconnect.ini</language>
	</languages>
	
	<administration>
		<!-- Administration Menu Section -->
		<menu img="components/com_jfusionconnect/images/jfusionconnect.png">JFusion Connect</menu>
		<submenu>
			<!-- Note that all & must be escaped to &amp; for the file to be valid XML and be parsed by the installer -->
			<menu link="option=com_jfusionconnect&amp;view=cpanel">Cpanel</menu>
			<menu link="option=com_jfusionconnect&amp;view=settings">Settings</menu>
			<menu link="option=com_jfusionconnect&amp;view=sites">Sites</menu>			
			<menu link="option=com_jfusionconnect&amp;view=userlog">Log</menu>
			<menu link="option=com_jfusionconnect&amp;view=servertest">Server Test</menu>
		</submenu>
		<!-- Administration Main File Copy Section -->
		<!-- Note the folder attribute: This attribute describes the folder
			to copy FROM in the package to install therefore files copied
			in this section are copied from /admin/ in the package -->
		<files folder="admin">
			<filename>index.html</filename>
			<filename>admin.jfusionconnect.php</filename>
			<folder>controllers</folder>
			<folder>elements</folder>
			<folder>packages</folder>
			<folder>images</folder>
			<folder>models</folder>
			<folder>plugins</folder>
			<folder>views</folder>
		</files>
		
		<!-- Administration Language File Copy Section -->
		<languages folder="admin/languages">
			<language tag="en-GB">en-GB/en-GB.com_jfusionconnect.ini</language>
            <language tag="en-GB">en-GB/en-GB.plg_system_jfusionconnect.ini</language>			
		</languages>
	</administration>
</install>
